ipAddress,time

127.0.0.1,Tue Mar 24 2020 11:22:45 GMT+0530 (India Standard Time)
127.0.0.1,Tue Mar 24 2020 11:22:48 GMT+0530 (India Standard Time)
127.0.0.1,Tue Mar 24 2020 11:36:47 GMT+0530 (India Standard Time)
127.0.0.1,Tue Mar 24 2020 11:36:48 GMT+0530 (India Standard Time)
127.0.0.1,Tue Mar 24 2020 11:36:49 GMT+0530 (India Standard Time)
127.0.0.1,Tue Mar 24 2020 15:34:07 GMT+0530 (India Standard Time)
127.0.0.1,Tue Mar 24 2020 15:36:25 GMT+0530 (India Standard Time)
127.0.0.1,Tue Mar 24 2020 15:39:37 GMT+0530 (India Standard Time)
127.0.0.1,Tue Mar 24 2020 15:40:22 GMT+0530 (India Standard Time)
127.0.0.1,Tue Mar 24 2020 15:41:49 GMT+0530 (India Standard Time)
127.0.0.1,Tue Mar 24 2020 15:44:42 GMT+0530 (India Standard Time)
127.0.0.1,Tue Mar 24 2020 15:46:12 GMT+0530 (India Standard Time)
127.0.0.1,Tue Mar 24 2020 22:07:01 GMT+0530 (India Standard Time)
127.0.0.1,Tue Mar 24 2020 22:07:02 GMT+0530 (India Standard Time)
127.0.0.1,Tue Mar 24 2020 22:07:04 GMT+0530 (India Standard Time)
127.0.0.1,Wed Mar 25 2020 07:41:38 GMT+0530 (India Standard Time)
127.0.0.1,Wed Mar 25 2020 07:41:40 GMT+0530 (India Standard Time)
127.0.0.1,Wed Mar 25 2020 08:04:56 GMT+0530 (India Standard Time)
127.0.0.1,Wed Mar 25 2020 08:04:58 GMT+0530 (India Standard Time)
127.0.0.1,Wed Mar 25 2020 08:04:59 GMT+0530 (India Standard Time)
127.0.0.1,Wed Mar 25 2020 11:01:42 GMT+0530 (India Standard Time)
127.0.0.1,Wed Mar 25 2020 11:01:44 GMT+0530 (India Standard Time)
127.0.0.1,Wed Mar 25 2020 11:47:39 GMT+0530 (India Standard Time)